{"cameraMode":{"drawMode":0,"name":"Shaded","section":"Shading Mode"},"sceneLighting":false,"audioPlay":false,"sceneViewState":{"showFog":true,"showMaterialUpdate":false,"showSkybox":true,"showFlares":true,"showImageEffects":true,"showParticleSystems":true},"in2DMode":false,"pivot":{"x":-206.59597778320313,"y":56.54132080078125,"z":135.25949096679688},"rotation":{"x":0.12380064278841019,"y":0.7874523997306824,"z":-0.16809485852718354,"w":0.579953670501709},"size":254.33432006835938,"orthographic":false}